{
    "zookeeper": {
        "connectionString": "lin-nva1:2182,lin-nva1:2183,lin-nva1:2184,lin-nva2:2184,lin-nva2:2185",
        "retrySleepTimeMs": 1000,
        "numberOfRetries": 5,
        "leaderSelectorPath": "/leader-election-remote"
    },
    "daemon": {
        "shudownAwaitTimeMs": 10000,
        "monitors": [
            {
                "monitorClass": "com.microsoft.azure.practices.nvadaemon.AzureProbeMonitor",
                "settings": {
                    "subscriptionId": "guidsubs",
                    "clientId": "guidclientid",
                    "tenantId": "guidtenant",
                    "keyStorePath": "/nvabin/symnva.jks",
                    "keyStorePassword": "passwordforkeystore",
                    "certificatePassword": "passwordforcert",
                    "numberOfFailuresThreshold": 3,
                    "publicIpAddress": "resourceidforpip",
                    "routeTables": [
                        "resourceidforudr1",
                        "resourceidforudr2"
                    ],
                    "nvas": [
                        {
                            "routeNetworkInterface": "resourceidfornetworkforrouting",
                            "probeNetworkInterface": "resourceidfornetworkforprobing",
                            "probePort": 443
                        },
                        {
                            "routeNetworkInterface": "sameasabove",
                            "probeNetworkInterface": "sameasabove",
                            "probePort": 443
                        }
                    ]
                }
            }
        ]
    }
}
